2021 Passenger Rank,Airport Code,Airport Name,City Name,State Name,Average Fare ($),Inflation Adjusted Average Fare ($) (Base Year: 2022),2021 Passengers (10% sample),,,,,,,,,,,
1,LAX,Los Angeles International,Los Angeles,CA,339.33,508.50,"981,228",,,,,,,,,,,
2,ORD,Chicago O'Hare International,Chicago-O'Hare,IL,313.59,469.94,"795,315",,,,,,,,,,,
3,ATL,Hartsfield-Jackson Atlanta International,Atlanta,GA,312.56,468.39,"768,501",,,,,,,,,,,
4,DEN,Denver International,Denver,CO,340.28,509.93,"739,773",,,,,,,,,,,
5,EWR,Newark Liberty International,Newark,NJ,385.84,578.20,"652,199",,,,,,,,,,,
6,SEA,Seattle/Tacoma International,Seattle,WA,328.96,492.97,"647,461",,,,,,,,,,,
7,DFW,Dallas/Fort Worth International,Dallas-DFW,TX,368.89,552.80,"631,155",,,,,,,,,,,
8,PHX,Phoenix Sky Harbor International,Phoenix,AZ,269.04,403.18,"592,829",,,,,,,,,,,
9,MCO,Orlando International,Orlando,FL,240.57,360.51,"585,781",,,,,,,,,,,
10,BOS,Logan International,Boston,MA,315.68,473.06,"569,471",,,,,,,,,,,
11,JFK,John F. Kennedy International,New York-JFK,NY,291.51,436.85,"521,817",,,,,,,,,,,
12,SFO,San Francisco International,San Francisco,CA,415.28,622.32,"501,601",,,,,,,,,,,
13,LAS,Harry Reid International,Las Vegas,NV,233.68,350.19,"497,289",,,,,,,,,,,
14,MSP,Minneapolis-St Paul International,Minneapolis,MN,349.50,523.74,"467,902",,,,,,,,,,,
15,PHL,Philadelphia International,Philadelphia,PA,292.74,438.69,"437,154",,,,,,,,,,,
16,DTW,Detroit Metro Wayne County,Detroit,MI,316.27,473.94,"430,570",,,,,,,,,,,
17,FLL,Fort Lauderdale-Hollywood International,Fort Lauderdale,FL,229.16,343.40,"425,537",,,,,,,,,,,
18,IAH,George Bush Intercontinental/Houston,Houston-Intercontinental,TX,352.66,528.48,"425,283",,,,,,,,,,,
19,LGA,LaGuardia,New York-La Guardia,NY,294.87,441.88,"416,891",,,,,,,,,,,
20,SAN,San Diego International,San Diego,CA,300.81,450.78,"389,451",,,,,,,,,,,
21,TPA,Tampa International,Tampa,FL,249.93,374.54,"369,882",,,,,,,,,,,
22,MIA,Miami International,Miami,FL,303.06,454.15,"367,731",,,,,,,,,,,
23,BWI,Baltimore/Washington International Thurgood Marshall,Baltimore,MD,255.98,383.60,"349,143",,,,,,,,,,,
24,AUS,Austin - Bergstrom International,Austin,TX,329.64,493.99,"322,913",,,,,,,,,,,
25,SLC,Salt Lake City International,Salt Lake City,UT,291.22,436.41,"321,120",,,,,,,,,,,
26,PDX,Portland International,Portland,OR,312.74,468.65,"318,399",,,,,,,,,,,
27,DCA,Ronald Reagan Washington National,Washington-Reagan National,DC,311.10,466.21,"308,850",,,,,,,,,,,
28,CLT,Charlotte Douglas International,Charlotte,NC,383.05,574.03,"291,628",,,,,,,,,,,
29,BNA,Nashville International,Nashville,TN,280.79,420.78,"290,447",,,,,,,,,,,
30,SMF,Sacramento International,Sacramento,CA,271.79,407.30,"265,377",,,,,,,,,,,
31,MDW,Chicago Midway International,Chicago-Midway,IL,214.06,320.78,"254,220",,,,,,,,,,,
32,RDU,Raleigh-Durham International,Raleigh/Durham,NC,278.76,417.74,"241,426",,,,,,,,,,,
33,STL,St Louis Lambert International,St. Louis,MO,310.21,464.86,"227,117",,,,,,,,,,,
34,SJU,Luis Munoz Marin International,San Juan,PR,295.11,442.24,"221,048",,,,,,,,,,,
35,DAL,Dallas Love Field,Dallas-Love Field,TX,174.99,262.24,"213,582",,,,,,,,,,,
36,MCI,Kansas City International,Kansas City,MO,285.11,427.26,"207,664",,,,,,,,,,,
37,IND,Indianapolis International,Indianapolis,IN,276.79,414.79,"206,535",,,,,,,,,,,
38,HNL,Daniel K Inouye International,Honolulu,HI,271.80,407.30,"201,225",,,,,,,,,,,
39,CLE,Cleveland-Hopkins International,Cleveland,OH,304.65,456.53,"199,421",,,,,,,,,,,
40,SJC,Norman Y. Mineta San Jose International,San Jose,CA,263.16,394.36,"194,429",,,,,,,,,,,
41,OAK,Metro Oakland International,Oakland,CA,244.21,365.97,"194,387",,,,,,,,,,,
42,MSY,Louis Armstrong New Orleans International,New Orleans,LA,276.71,414.66,"188,154",,,,,,,,,,,
43,IAD,Washington Dulles International,Washington-Dulles,DC,308.14,461.76,"187,452",,,,,,,,,,,
44,CVG,Cincinnati/Northern Kentucky International,Cincinnati,OH,379.52,568.73,"183,219",,,,,,,,,,,
45,SNA,John Wayne Airport-Orange County,Santa Ana,CA,311.30,466.50,"182,534",,,,,,,,,,,
46,PIT,Pittsburgh International,Pittsburgh,PA,320.31,480.00,"181,455",,,,,,,,,,,
47,SAT,San Antonio International,San Antonio,TX,312.43,468.20,"180,661",,,,,,,,,,,
48,HOU,William P Hobby,Houston-Hobby,TX,225.04,337.24,"173,112",,,,,,,,,,,
49,CMH,John Glenn Columbus International,Columbus,OH,301.43,451.70,"167,522",,,,,,,,,,,
50,RSW,Southwest Florida International,Fort Myers,FL,253.47,379.84,"164,832",,,,,,,,,,,
51,BDL,Bradley International,Hartford,CT,298.00,446.57,"142,941",,,,,,,,,,,
52,MKE,General Mitchell International,Milwaukee,WI,311.86,467.34,"131,320",,,,,,,,,,,
53,JAX,Jacksonville International,Jacksonville,FL,280.78,420.76,"129,900",,,,,,,,,,,
54,ONT,Ontario International,Ontario,CA,263.41,394.74,"128,292",,,,,,,,,,,
55,PBI,Palm Beach International,West Palm Beach/Palm Beach,FL,247.42,370.78,"120,424",,,,,,,,,,,
56,OMA,Eppley Airfield,Omaha,NE,301.19,451.34,"106,587",,,,,,,,,,,
57,MEM,Memphis International,Memphis,TN,381.23,571.29,"106,166",,,,,,,,,,,
58,RIC,Richmond International,Richmond,VA,378.03,566.50,"99,005",,,,,,,,,,,
59,BOI,Boise Air Terminal,Boise,ID,276.62,414.53,"97,566",,,,,,,,,,,
60,BUR,Bob Hope,Burbank,CA,228.92,343.05,"97,139",,,,,,,,,,,
61,ORF,Norfolk International,Norfolk,VA,314.84,471.80,"96,550",,,,,,,,,,,
62,CHS,Charleston AFB/International,Charleston,SC,373.21,559.28,"92,905",,,,,,,,,,,
63,GRR,Gerald R. Ford International,Grand Rapids,MI,372.19,557.74,"91,893",,,,,,,,,,,
64,OKC,Will Rogers World,Oklahoma City,OK,314.22,470.88,"91,480",,,,,,,,,,,
65,SDF,Louisville Muhammad Ali International,Louisville,KY,289.80,434.28,"88,375",,,,,,,,,,,
66,ANC,Ted Stevens Anchorage International,Anchorage,AK,436.28,653.79,"86,440",,,,,,,,,,,
67,GEG,Spokane International,Spokane,WA,275.61,413.02,"86,252",,,,,,,,,,,
68,ABQ,Albuquerque International Sunport,Albuquerque,NM,290.92,435.97,"85,944",,,,,,,,,,,
69,BUF,Buffalo Niagara International,Buffalo,NY,251.97,377.60,"83,896",,,,,,,,,,,
70,ELP,El Paso International,El Paso,TX,273.98,410.57,"83,186",,,,,,,,,,,
71,RNO,Reno/Tahoe International,Reno,NV,244.17,365.90,"81,805",,,,,,,,,,,
72,OGG,Kahului Airport,Kahului,HI,204.11,305.87,"74,704",,,,,,,,,,,
73,TUS,Tucson International,Tucson,AZ,297.02,445.10,"70,359",,,,,,,,,,,
74,PVD,Rhode Island Tf Green International,Providence,RI,265.06,397.20,"68,118",,,,,,,,,,,
75,DSM,Des Moines International,Des Moines,IA,382.21,572.76,"67,129",,,,,,,,,,,
76,TUL,Tulsa International,Tulsa,OK,305.92,458.44,"64,735",,,,,,,,,,,
77,BHM,Birmingham-Shuttlesworth International,Birmingham,AL,308.45,462.24,"62,393",,,,,,,,,,,
78,SRQ,Sarasota/Bradenton International,Sarasota/Bradenton,FL,297.00,445.07,"62,011",,,,,,,,,,,
79,SAV,Savannah/Hilton Head International,Savannah,GA,319.36,478.57,"57,556",,,,,,,,,,,
80,ALB,Albany International,Albany,NY,304.74,456.67,"57,118",,,,,,,,,,,
81,LGB,Long Beach Airport,Long Beach,CA,249.57,373.99,"57,022",,,,,,,,,,,
82,PNS,Pensacola International,Pensacola,FL,344.47,516.21,"54,946",,,,,,,,,,,
83,SYR,Syracuse Hancock International,Syracuse,NY,320.61,480.45,"52,889",,,,,,,,,,,
84,FAT,Fresno Yosemite International,Fresno,CA,396.20,593.73,"52,418",,,,,,,,,,,
85,TYS,McGhee Tyson,Knoxville,TN,373.04,559.03,"49,200",,,,,,,,,,,
86,GSP,Greenville-Spartanburg International,Greer,SC,379.73,569.04,"49,148",,,,,,,,,,,
87,COS,City of Colorado Springs Municipal,Colorado Springs,CO,392.21,587.75,"48,798",,,,,,,,,,,
88,LIT,Bill and Hillary Clinton Nat Adams Field,Little Rock,AR,305.23,457.40,"48,278",,,,,,,,,,,
89,ROC,Frederick Douglass Grtr Rochester International,Rochester,NY,281.79,422.27,"47,981",,,,,,,,,,,
90,KOA,Ellison Onizuka Kona International at Keahole,Kona,HI,204.65,306.68,"44,410",,,,,,,,,,,
91,MYR,Myrtle Beach International,Myrtle Beach,SC,290.32,435.06,"44,035",,,,,,,,,,,
92,PWM,Portland International Jetport,Portland,ME,358.47,537.19,"43,040",,,,,,,,,,,
93,MSN,Dane County Regional-Truax Field,Madison,WI,380.01,569.47,"42,256",,,,,,,,,,,
94,BZN,Bozeman Yellowstone International,Bozeman,MT,434.13,650.56,"39,718",,,,,,,,,,,
95,SFB,Orlando Sanford International,Sanford,FL,125.87,188.62,"39,522",,,,,,,,,,,
96,PSP,Palm Springs International,Palm Springs,CA,389.40,583.53,"39,514",,,,,,,,,,,
97,PIE,St Pete Clearwater International,St. Petersburg,FL,160.78,240.94,"37,944",,,,,,,,,,,
98,ICT,Wichita Dwight D Eisenhower National,Wichita,KS,357.12,535.17,"37,538",,,,,,,,,,,
99,GSO,Piedmont Triad International,Greensboro/High Point,NC,340.04,509.57,"35,317",,,,,,,,,,,
100,HPN,Westchester County,White Plains,NY,384.49,576.18,"35,091",,,,,,,,,,,
101,CID,The Eastern Iowa,Cedar Rapids/Iowa City,IA,391.28,586.36,"33,692",,,,,,,,,,,
102,AVL,Asheville Regional,Asheville,NC,405.87,608.22,"33,509",,,,,,,,,,,
103,XNA,Northwest Arkansas National,Fayetteville,AR,401.67,601.92,"33,498",,,,,,,,,,,
104,EUG,Mahlon Sweet Field,Eugene,OR,406.01,608.42,"33,026",,,,,,,,,,,
105,LIH,Lihue Airport,Lihue,HI,170.09,254.90,"32,532",,,,,,,,,,,
106,VPS,Eglin AFB Destin Fort Walton Beach,Valparaiso,FL,433.31,649.33,"31,183",,,,,,,,,,,
107,MDT,Harrisburg International,Harrisburg,PA,418.83,627.64,"30,949",,,,,,,,,,,
108,DAY,James M Cox/Dayton International,Dayton,OH,305.36,457.60,"30,855",,,,,,,,,,,
109,FSD,Joe Foss Field,Sioux Falls,SD,407.15,610.13,"29,802",,,,,,,,,,,
110,MFE,McAllen Miller International,Mission/McAllen/Edinburg,TX,367.27,550.38,"29,251",,,,,,,,,,,
111,ISP,Long Island MacArthur,Islip,NY,226.12,338.85,"28,265",,,,,,,,,,,
112,JAN,Jackson Medgar Wiley Evers International,Jackson/Vicksburg,MS,324.77,486.69,"27,916",,,,,,,,,,,
113,LEX,Blue Grass,Lexington,KY,383.05,574.03,"27,888",,,,,,,,,,,
114,MAF,Midland International Air and Space Port,Midland/Odessa,TX,249.12,373.32,"27,625",,,,,,,,,,,
115,SGF,Springfield-Branson National,Springfield,MO,401.57,601.77,"26,473",,,,,,,,,,,
116,MHT,Manchester Boston Regional,Manchester,NH,268.77,402.77,"26,222",,,,,,,,,,,
117,MFR,Rogue Valley International - Medford,Medford,OR,407.07,610.02,"26,110",,,,,,,,,,,
118,HSV,Huntsville International-Carl T Jones Field,Huntsville,AL,421.27,631.30,"25,469",,,,,,,,,,,
119,ILM,Wilmington International,Wilmington,NC,368.68,552.49,"24,558",,,,,,,,,,,
120,FAR,Hector International,Fargo,ND,459.11,688.01,"24,510",,,,,,,,,,,
121,ABE,Lehigh Valley International,Allentown/Bethlehem/Easton,PA,416.13,623.60,"24,153",,,,,,,,,,,
122,CAE,Columbia Metropolitan,Columbia,SC,366.08,548.59,"24,128",,,,,,,,,,,
123,SBA,Santa Barbara Municipal,Santa Barbara,CA,426.99,639.87,"23,984",,,,,,,,,,,
124,RDM,Roberts Field,Bend/Redmond,OR,397.39,595.51,"23,093",,,,,,,,,,,
125,ATW,Appleton International,Appleton,WI,389.25,583.31,"22,839",,,,,,,,,,,
126,FWA,Fort Wayne International,Fort Wayne,IN,416.89,624.73,"22,770",,,,,,,,,,,
127,CHA,Lovell Field,Chattanooga,TN,422.51,633.15,"22,081",,,,,,,,,,,
128,LBB,Lubbock Preston Smith International,Lubbock,TX,253.30,379.59,"21,979",,,,,,,,,,,
129,SBN,South Bend International,South Bend,IN,379.73,569.05,"21,936",,,,,,,,,,,
130,PSC,Tri Cities,Pasco/Kennewick/Richland,WA,409.20,613.20,"21,441",,,,,,,,,,,
131,BTV,Burlington International,Burlington,VT,314.49,471.28,"21,231",,,,,,,,,,,
132,FAI,Fairbanks International,Fairbanks,AK,450.04,674.41,"20,659",,,,,,,,,,,
133,BIL,Billings Logan International,Billings,MT,387.72,581.01,"19,384",,,,,,,,,,,
134,MSO,Missoula Montana,Missoula,MT,432.21,647.69,"19,023",,,,,,,,,,,
135,ACY,Atlantic City International,Atlantic City,NJ,223.07,334.28,"18,671",,,,,,,,,,,
136,STT,Cyril E King,Charlotte Amalie,VI,407.13,610.11,"18,308",,,,,,,,,,,
137,ITO,Hilo International,Hilo,HI,150.11,224.94,"17,964",,,,,,,,,,,
138,TLH,Tallahassee International,Tallahassee,FL,370.35,554.99,"17,768",,,,,,,,,,,
139,EYW,Key West International,Key West,FL,362.03,542.52,"17,045",,,,,,,,,,,
140,FCA,Glacier Park International,Kalispell,MT,438.43,657.00,"16,984",,,,,,,,,,,
141,HRL,Valley International,Harlingen/San Benito,TX,231.11,346.32,"16,866",,,,,,,,,,,
142,FNT,Bishop International,Flint,MI,288.66,432.57,"16,829",,,,,,,,,,,
143,PIA,General Downing - Peoria International,Peoria,IL,351.30,526.44,"16,755",,,,,,,,,,,
144,BTR,Baton Rouge Metropolitan/Ryan Field,Baton Rouge,LA,390.28,584.86,"16,605",,,,,,,,,,,
145,MLI,Quad Cities International,Moline,IL,323.99,485.52,"16,008",,,,,,,,,,,
146,AMA,Rick Husband Amarillo International,Amarillo,TX,262.28,393.04,"15,963",,,,,,,,,,,
147,CRP,Corpus Christi International,Corpus Christi,TX,322.74,483.64,"15,672",,,,,,,,,,,
148,AGS,Augusta Regional at Bush Field,Augusta,GA,472.85,708.59,"15,230",,,,,,,,,,,
149,GRB,Green Bay Austin Straubel International,Green Bay,WI,383.87,575.26,"15,022",,,,,,,,,,,
150,TVC,Cherry Capital,Traverse City,MI,412.82,618.63,"15,003",,,,,,,,,,,
151,RAP,Rapid City Regional,Rapid City,SD,423.93,635.28,"15,000",,,,,,,,,,,
152,BGR,Bangor International,Bangor,ME,393.74,590.04,"14,645",,,,,,,,,,,
153,SHV,Shreveport Regional,Shreveport,LA,421.95,632.31,"14,381",,,,,,,,,,,
154,JAC,Jackson Hole,Jackson,WY,490.04,734.36,"14,367",,,,,,,,,,,
155,ROA,Roanoke Blacksburg Regional,Roanoke,VA,428.58,642.25,"13,424",,,,,,,,,,,
156,BQN,Rafael Hernandez,Aguadilla,PR,205.57,308.06,"13,404",,,,,,,,,,,
157,DAB,Daytona Beach International,Daytona Beach,FL,346.21,518.82,"13,300",,,,,,,,,,,
158,GJT,Grand Junction Regional,Grand Junction,CO,440.61,660.28,"13,180",,,,,,,,,,,
159,LFT,Lafayette Regional Paul Fournet Field,Lafayette,LA,441.51,661.62,"13,002",,,,,,,,,,,
160,BIS,Bismarck Municipal,Bismarck/Mandan,ND,417.08,625.01,"12,907",,,,,,,,,,,
161,CHO,Charlottesville Albemarle,Charlottesville,VA,442.58,663.22,"12,825",,,,,,,,,,,
162,CAK,Akron-Canton Regional,Akron,OH,264.56,396.46,"12,492",,,,,,,,,,,
163,BLV,Scott AFB MidAmerica St Louis,Belleville,IL,202.47,303.41,"12,300",,,,,,,,,,,
164,MOB,Mobile Regional,Mobile,AL,432.33,647.86,"12,256",,,,,,,,,,,
165,GNV,Gainesville Regional,Gainesville,FL,405.57,607.76,"12,222",,,,,,,,,,,
166,FAY,Fayetteville Regional/Grannis Field,Fayetteville,NC,427.94,641.29,"11,902",,,,,,,,,,,
167,GPT,Gulfport-Biloxi International,Gulfport/Biloxi,MS,352.32,527.97,"11,792",,,,,,,,,,,
168,IDA,Idaho Falls Regional,Idaho Falls,ID,442.16,662.60,"11,705",,,,,,,,,,,
169,SBP,San Luis County Regional,San Luis Obispo,CA,416.08,623.51,"11,284",,,,,,,,,,,
170,LCK,Rickenbacker International,Columbus,OH,97.90,146.71,"10,329",,,,,,,,,,,
171,EVV,Evansville Regional,Evansville,IN,378.80,567.66,"10,307",,,,,,,,,,,
172,OAJ,Albert J Ellis,Jacksonville/Camp Lejeune,NC,366.92,549.84,"10,155",,,,,,,,,,,
173,AVP,Wilkes Barre Scranton International,Scranton/Wilkes-Barre,PA,402.98,603.89,"10,009",,,,,,,,,,,
174,BMI,Central Il Regional Airport at Bloomington,Bloomington/Normal,IL,296.04,443.63,"9,970",,,,,,,,,,,
175,JNU,Juneau International,Juneau,AK,403.79,605.10,"9,873",,,,,,,,,,,
176,MRY,Monterey Regional,Monterey,CA,460.51,690.10,"9,503",,,,,,,,,,,
177,BLI,Bellingham International,Bellingham,WA,328.63,492.47,"9,292",,,,,,,,,,,
178,TTN,Trenton Mercer,Trenton,NJ,134.72,201.89,"9,198",,,,,,,,,,,
179,MLB,Melbourne Orlando International,Melbourne,FL,363.83,545.22,"9,185",,,,,,,,,,,
180,DRO,Durango La Plata County,Durango,CO,459.23,688.18,"9,163",,,,,,,,,,,
181,TRI,Tri Cities,Bristol/Johnson City/Kingsport,TN,403.89,605.25,"8,897",,,,,,,,,,,
182,BFL,Meadows Field,Bakersfield,CA,406.65,609.39,"8,531",,,,,,,,,,,
183,GRK,Robert Gray AAF,Killeen,TX,404.63,606.36,"8,517",,,,,,,,,,,
184,CRW,West Virginia International Yeager,Charleston/Dunbar,WV,356.32,533.96,"8,170",,,,,,,,,,,
185,MOT,Minot International,Minot,ND,488.31,731.76,"7,755",,,,,,,,,,,
186,SGU,St George Regional,St. George,UT,375.22,562.29,"7,705",,,,,,,,,,,
187,GTF,Great Falls International,Great Falls,MT,418.89,627.72,"7,637",,,,,,,,,,,
188,RFD,Chicago/Rockford International,Rockford,IL,241.77,362.31,"7,383",,,,,,,,,,,
189,ASE,Aspen Pitkin County Sardy Field,Aspen,CO,539.04,807.78,"7,337",,,,,,,,,,,
190,STX,Henry E. Rohlsen,Christiansted,VI,426.87,639.69,"7,334",,,,,,,,,,,
191,MTJ,Montrose Regional,Montrose/Delta,CO,464.46,696.02,"7,013",,,,,,,,,,,
192,SCE,University Park,State College,PA,433.58,649.74,"6,866",,,,,,,,,,,
193,DLH,Duluth International,Duluth,MN,440.83,660.61,"6,652",,,,,,,,,,,
194,MGM,Montgomery Regional,Montgomery,AL,429.05,642.96,"6,584",,,,,,,,,,,
195,HTS,Tri-State/Milton J. Ferguson Field,Ashland,WV,395.64,592.89,"6,574",,,,,,,,,,,
196,HHH,Hilton Head Airport,Hilton Head,SC,388.66,582.43,"6,408",,,,,,,,,,,
197,LBE,Arnold Palmer Regional,Latrobe,PA,401.85,602.20,"6,136",,,,,,,,,,,
198,BRO,Brownsville South Padre Island International,Brownsville,TX,411.56,616.74,"6,127",,,,,,,,,,,
199,LAN,Capital Region International,Lansing,MI,344.89,516.84,"5,888",,,,,,,,,,,
200,LRD,Laredo International,Laredo,TX,397.86,596.21,"5,865",,,,,,,,,,,
201,AEX,Alexandria International,Alexandria,LA,428.52,642.16,"5,806",,,,,,,,,,,
202,CWA,Central Wisconsin,Mosinee,WI,400.56,600.26,"5,754",,,,,,,,,,,
203,TOL,Eugene F Kranz Toledo Express,Toledo,OH,344.02,515.54,"5,563",,,,,,,,,,,
204,LSE,La Crosse Regional,La Crosse,WI,421.53,631.69,"5,497",,,,,,,,,,,
205,EGE,Eagle County Regional,Eagle,CO,480.24,719.66,"5,285",,,,,,,,,,,
206,YUM,Yuma MCAS/Yuma International,Yuma,AZ,462.33,692.83,"5,255",,,,,,,,,,,
207,AZO,Kalamazoo/Battle Creek International,Kalamazoo,MI,410.95,615.83,"5,176",,,,,,,,,,,
208,RST,Rochester International,Rochester,MN,423.71,634.94,"5,139",,,,,,,,,,,
209,PHF,Newport News/Williamsburg International,Newport News/Williamsburg,VA,253.71,380.20,"5,060",,,,,,,,,,,
210,LNK,Lincoln Airport,Lincoln,NE,393.33,589.42,"5,033",,,,,,,,,,,
211,ELM,Elmira/Corning Regional,Elmira/Corning,NY,417.62,625.82,"5,016",,,,,,,,,,,
212,ACV,California Redwood Coast Humboldt County,Arcata/Eureka,CA,374.81,561.67,"4,875",,,,,,,,,,,
213,MLU,Monroe Regional,Monroe,LA,406.79,609.60,"4,860",,,,,,,,,,,
214,FLG,Flagstaff Pulliam,Flagstaff,AZ,403.22,604.25,"4,845",,,,,,,,,,,
215,COU,Columbia Regional,Columbia,MO,415.12,622.08,"4,701",,,,,,,,,,,
216,HDN,Yampa Valley,Hayden,CO,420.30,629.83,"4,571",,,,,,,,,,,
217,EWN,Coastal Carolina Regional,New Bern/Morehead/Beaufort,NC,380.17,569.70,"4,529",,,,,,,,,,,
218,ERI,Erie International/Tom Ridge Field,Erie,PA,318.01,476.55,"4,465",,,,,,,,,,,
219,SWF,New York Stewart International,Newburgh/Poughkeepsie,NY,312.86,468.84,"4,411",,,,,,,,,,,
220,LYH,Lynchburg Regional/Preston Glenn Field,Lynchburg,VA,468.13,701.51,"4,256",,,,,,,,,,,
221,ABI,Abilene Regional,Abilene,TX,399.27,598.33,"4,199",,,,,,,,,,,
222,ACK,Nantucket Memorial,Nantucket,MA,485.40,727.40,"4,191",,,,,,,,,,,
223,MBS,MBS International,Saginaw/Bay City/Midland,MI,406.58,609.28,"4,177",,,,,,,,,,,
224,GFK,Grand Forks International,Grand Forks,ND,477.06,714.90,"4,123",,,,,,,,,,,
225,SAF,Santa Fe Municipal,Santa Fe,NM,671.24,1005.90,"4,034",,,,,,,,,,,
226,SPI,Abraham Lincoln Capital,Springfield,IL,395.59,592.82,"4,033",,,,,,,,,,,
227,KTN,Ketchikan International,Ketchikan,AK,429.45,643.55,"4,031",,,,,,,,,,,
228,GUM,Guam International,Guam,TT,1267.62,1899.60,"3,980",,,,,,,,,,,
229,BET,Bethel Airport,Bethel,AK,380.35,569.97,"3,893",,,,,,,,,,,
230,CPR,Casper/Natrona County International,Casper,WY,428.78,642.56,"3,792",,,,,,,,,,,
231,HLN,Helena Regional,Helena,MT,461.28,691.25,"3,759",,,,,,,,,,,
232,SUN,Friedman Memorial,Sun Valley/Hailey/Ketchum,ID,437.22,655.20,"3,753",,,,,,,,,,,
233,GRI,Central Nebraska Regional,Grand Island,NE,425.85,638.16,"3,669",,,,,,,,,,,
234,CLL,Easterwood Field,College Station/Bryan,TX,421.15,631.12,"3,608",,,,,,,,,,,
235,MHK,Manhattan Regional,Manhattan/Ft. Riley,KS,346.41,519.12,"3,513",,,,,,,,,,,
236,SBY,Salisbury-Ocean City/Wicomico Regional,Salisbury,MD,333.04,499.07,"3,452",,,,,,,,,,,
237,SJT,San Angelo Regional/Mathis Field,San Angelo,TX,379.23,568.30,"3,427",,,,,,,,,,,
238,CMI,University of Illinois/Willard,Champaign/Urbana,IL,389.19,583.22,"3,301",,,,,,,,,,,
239,RDD,Redding Municipal,Redding,CA,398.65,597.40,"3,292",,,,,,,,,,,
240,LCH,Lake Charles Regional,Lake Charles,LA,460.86,690.63,"3,278",,,,,,,,,,,
241,ITH,Ithaca Tompkins International,Ithaca/Cortland,NY,441.13,661.06,"3,259",,,,,,,,,,,
242,MQT,Sawyer International,Marquette,MI,384.09,575.57,"3,013",,,,,,,,,,,
243,PUW,Pullman Moscow Regional,Pullman,WA,366.97,549.92,"2,983",,,,,,,,,,,
244,YKM,Yakima Air Terminal/McAllister Field,Yakima,WA,366.69,549.50,"2,852",,,,,,,,,,,
245,EAT,Pangborn Memorial,Wenatchee,WA,350.06,524.58,"2,816",,,,,,,,,,,
246,SIT,Sitka Rocky Gutierrez,Sitka,AK,375.10,562.11,"2,765",,,,,,,,,,,
247,PSM,Portsmouth International at Pease,Portsmouth,NH,123.12,184.50,"2,731",,,,,,,,,,,
248,CSG,Columbus Airport,Columbus,GA,493.83,740.04,"2,693",,,,,,,,,,,
249,ADQ,Kodiak Airport,Kodiak,AK,553.56,829.54,"2,681",,,,,,,,,,,
250,FSM,Fort Smith Regional,Fort Smith,AR,400.18,599.68,"2,626",,,,,,,,,,,
251,ROW,Roswell Air Center,Roswell,NM,476.43,713.95,"2,572",,,,,,,,,,,
252,ACT,Waco Regional,Waco,TX,412.86,618.69,"2,483",,,,,,,,,,,
253,TYR,Tyler Pounds Regional,Tyler,TX,413.67,619.91,"2,461",,,,,,,,,,,
254,MVY,Martha's Vineyard Airport,Martha's Vineyard,MA,503.83,755.01,"2,432",,,,,,,,,,,
255,PSE,Mercedita,Ponce,PR,173.08,259.37,"2,413",,,,,,,,,,,
256,VLD,Valdosta Regional,Valdosta,GA,420.43,630.04,"2,294",,,,,,,,,,,
257,LAW,Lawton-Fort Sill Regional,Lawton/Fort Sill,OK,433.38,649.45,"2,244",,,,,,,,,,,
258,ALW,Walla Walla Regional,Walla Walla,WA,362.80,543.68,"2,204",,,,,,,,,,,
259,HVN,Tweed New Haven,New Haven,CT,329.48,493.74,"2,188",,,,,,,,,,,
260,TWF,Joslin Field - Magic Valley Regional,Twin Falls,ID,412.25,617.78,"2,184",,,,,,,,,,,
261,SPS,Sheppard AFB/Wichita Falls Municipal,Wichita Falls,TX,374.37,561.01,"2,126",,,,,,,,,,,
262,CKB,North Central West Virginia,Clarksburg/Fairmont,WV,422.89,633.72,"2,065",,,,,,,,,,,
263,DHN,Dothan Regional,Dothan,AL,517.46,775.44,"1,974",,,,,,,,,,,
264,GTR,Golden Triangle Regional,Columbus,MS,465.61,697.74,"1,955",,,,,,,,,,,
265,PGV,Pitt Greenville,Greenville,NC,353.13,529.18,"1,953",,,,,,,,,,,
266,LWS,Lewiston Nez Perce County,Lewiston,ID,352.82,528.71,"1,877",,,,,,,,,,,
267,ABY,Southwest Georgia Regional,Albany,GA,505.75,757.89,"1,804",,,,,,,,,,,
268,TXK,Texarkana Regional-Webb Field,Texarkana,AR,460.16,689.57,"1,730",,,,,,,,,,,
269,COD,Yellowstone Regional,Cody,WY,410.73,615.50,"1,713",,,,,,,,,,,
270,GCK,Garden City Regional,Garden City,KS,455.22,682.18,"1,657",,,,,,,,,,,
271,SMX,Santa Maria Public/Capt. G. Allan Hancock Field,Santa Maria,CA,469.59,703.71,"1,639",,,,,,,,,,,
272,HGR,Hagerstown Regional-Richard A. Henson Field,Hagerstown,MD,446.00,668.35,"1,631",,,,,,,,,,,
273,OTZ,Ralph Wien Memorial,Kotzebue,AK,474.51,711.08,"1,608",,,,,,,,,,,
274,BJI,Bemidji Regional,Bemidji,MN,478.20,716.61,"1,603",,,,,,,,,,,
275,BQK,Brunswick Golden Isles,Brunswick,GA,391.20,586.23,"1,518",,,,,,,,,,,
276,OME,Nome Airport,Nome,AK,480.64,720.26,"1,505",,,,,,,,,,,
277,PLN,Pellston Regional Airport of Emmet County,Pellston,MI,473.42,709.45,"1,479",,,,,,,,,,,
278,GGG,East Texas Regional,Longview,TX,402.91,603.78,"1,477",,,,,,,,,,,
279,PIH,Pocatello Regional,Pocatello,ID,446.12,668.53,"1,459",,,,,,,,,,,
280,BRW,Wiley Post/Will Rogers Memorial,Barrow,AK,502.81,753.49,"1,448",,,,,,,,,,,
281,FLO,Florence Regional,Florence,SC,415.07,622.00,"1,406",,,,,,,,,,,
282,STC,St. Cloud Regional,St. Cloud,MN,486.31,728.76,"1,398",,,,,,,,,,,
283,BPT,Jack Brooks Regional,Beaumont/Port Arthur,TX,417.98,626.36,"1,357",,,,,,,,,,,
284,EAR,Kearney Regional,Kearney,NE,546.35,818.74,"1,339",,,,,,,,,,,
285,RHI,Rhinelander/Oneida County,Rhinelander,WI,420.97,630.84,"1,337",,,,,,,,,,,
286,ABR,Aberdeen Regional,Aberdeen,SD,477.66,715.80,"1,325",,,,,,,,,,,
287,BRD,Brainerd Lakes Regional,Brainerd,MN,485.66,727.79,"1,315",,,,,,,,,,,
288,JLN,Joplin Regional,Joplin,MO,412.74,618.51,"1,300",,,,,,,,,,,
289,DRT,Del Rio International,Del Rio,TX,466.80,699.53,"1,298",,,,,,,,,,,
290,GCC,Northeast Wyoming Regional,Gillette,WY,634.01,950.09,"1,261",,,,,,,,,,,
291,SUX,Sioux Gateway Brig Gen Bud Day Field,Sioux City,IA,448.62,672.28,"1,225",,,,,,,,,,,
292,ART,Watertown International,Watertown,NY,400.50,600.17,"1,214",,,,,,,,,,,
293,CIU,Chippewa County International,Sault Ste. Marie,MI,462.44,693.00,"1,113",,,,,,,,,,,
294,SCC,Deadhorse Airport,Deadhorse,AK,415.59,622.78,"1,094",,,,,,,,,,,
295,EKO,Elko Regional,Elko,NV,449.37,673.40,"1,078",,,,,,,,,,,
296,GUC,Gunnison-Crested Butte Regional,Gunnison,CO,432.22,647.71,"1,067",,,,,,,,,,,
297,EAU,Chippewa Valley Regional,Eau Claire,WI,452.24,677.71,"1,060",,,,,,,,,,,
298,DIK,Dickinson - Theodore Roosevelt Regional,Dickinson,ND,579.98,869.13,"1,044",,,,,,,,,,,
299,DBQ,Dubuque Regional,Dubuque,IA,396.74,594.54,"1,036",,,,,,,,,,,
300,SHR,Sheridan County,Sheridan,WY,543.20,814.02,"1,035",,,,,,,,,,,
301,DLG,Dillingham Airport,Dillingham,AK,506.19,758.56,991,,,,,,,,,,,
302,ORH,Worcester Regional,Worcester,MA,143.28,214.71,959,,,,,,,,,,,
303,ESC,Delta County,Escanaba,MI,326.50,489.28,932,,,,,,,,,,,
304,BTM,Bert Mooney,Butte,MT,439.43,658.51,924,,,,,,,,,,,
305,SPN,Francisco C. Ada Saipan International,Saipan,TT,574.08,860.29,906,,,,,,,,,,,
306,CMX,Houghton County Memorial,Hancock/Houghton,MI,427.39,640.47,903,,,,,,,,,,,
307,LAR,Laramie Regional,Laramie,WY,582.09,872.30,900,,,,,,,,,,,
308,SLN,Salina Regional,Salina,KS,267.60,401.01,893,,,,,,,,,,,
309,RKS,Southwest Wyoming Regional,Rock Springs,WY,542.62,813.15,889,,,,,,,,,,,
310,IMT,Ford,Iron Mountain/Kingsfd,MI,320.74,480.65,878,,,,,,,,,,,
311,HIB,Range Regional,Hibbing,MN,464.31,695.79,837,,,,,,,,,,,
312,CDC,Cedar City Regional,Cedar City,UT,403.07,604.03,804,,,,,,,,,,,
313,PSG,Petersburg James A Johnson,Petersburg,AK,351.70,527.05,783,,,,,,,,,,,
314,HOB,Lea County Regional,Hobbs,NM,734.00,1099.94,781,,,,,,,,,,,
315,ALO,Waterloo Regional,Waterloo,IA,429.80,644.08,748,,,,,,,,,,,
316,LBF,North Platte Regional Airport Lee Bird Field,North Platte,NE,562.99,843.66,711,,,,,,,,,,,
317,APN,Alpena County Regional,Alpena,MI,471.31,706.29,694,,,,,,,,,,,
318,RIW,Central Wyoming Regional,Riverton/Lander,WY,592.60,888.04,692,,,,,,,,,,,
319,PIR,Pierre Regional,Pierre,SD,488.06,731.39,689,,,,,,,,,,,
320,AKN,King Salmon Airport,King Salmon,AK,539.30,808.17,688,,,,,,,,,,,
321,SHD,Shenandoah Valley Regional,Staunton,VA,414.86,621.68,685,,,,,,,,,,,
322,PRC,Prescott Regional Ernest A Love Field,Prescott,AZ,356.27,533.90,665,,,,,,,,,,,
323,OWB,Owensboro Daviess County Regional,Owensboro,KY,376.32,563.93,650,,,,,,,,,,,
324,PIB,Hattiesburg-Laurel Regional,Hattiesburg/Laurel,MS,418.12,626.58,624,,,,,,,,,,,
325,MKG,Muskegon County,Muskegon,MI,369.25,553.34,622,,,,,,,,,,,
325,PAH,Barkley Regional,Paducah,KY,379.78,569.11,622,,,,,,,,,,,
327,CDV,Merle K Mudhole Smith,Cordova,AK,335.89,503.35,604,,,,,,,,,,,
328,BFF,Western Neb. Regional/William B. Heilig Field,Scottsbluff,NE,548.52,821.99,600,,,,,,,,,,,
329,HYS,Hays Regional,Hays,KS,516.23,773.60,597,,,,,,,,,,,
330,MEI,Key Field,Meridian,MS,459.36,688.38,588,,,,,,,,,,,
331,PUB,Pueblo Memorial,Pueblo,CO,84.77,127.03,584,,,,,,,,,,,
332,PQI,Presque Isle International,Presque Isle/Houlton,ME,491.30,736.23,571,,,,,,,,,,,
333,BGM,Greater Binghamton/Edwin A. Link Field,Binghamton,NY,414.45,621.08,546,,,,,,,,,,,
334,JMS,Jamestown Regional,Jamestown,ND,452.93,678.74,507,,,,,,,,,,,
335,WRG,Wrangell Airport,Wrangell,AK,349.70,524.05,496,,,,,,,,,,,
336,DEC,Decatur Airport,Decatur,IL,358.95,537.90,494,,,,,,,,,,,
337,ATY,Watertown Regional,Watertown,SD,460.27,689.74,476,,,,,,,,,,,
338,DDC,Dodge City Regional,Dodge City,KS,490.45,734.97,474,,,,,,,,,,,
339,OGS,Ogdensburg International,Ogdensburg,NY,363.21,544.30,459,,,,,,,,,,,
340,CGI,Cape Girardeau Regional,Cape Girardeau,MO,388.49,582.17,458,,,,,,,,,,,
341,ALS,San Luis Valley Regional/Bergman Field,Alamosa,CO,567.55,850.51,438,,,,,,,,,,,
342,OTH,Southwest Oregon Regional,North Bend/Coos Bay,OR,363.22,544.31,407,,,,,,,,,,,
343,VCT,Victoria Regional,Victoria,TX,465.85,698.10,396,,,,,,,,,,,
344,HYA,Cape Cod Gateway,Hyannis,MA,539.65,808.69,392,,,,,,,,,,,
345,INL,Falls International Einarson Field,International Falls,MN,440.81,660.57,372,,,,,,,,,,,
346,JST,John Murtha Johnstown-Cambria County,Johnstown,PA,480.59,720.19,348,,,,,,,,,,,
347,MCW,Mason City Municipal,Mason City,IA,409.07,613.02,345,,,,,,,,,,,
348,WYS,Yellowstone,West Yellowstone,MT,359.79,539.17,340,,,,,,,,,,,
349,LBL,Liberal Mid-America Regional,Liberal,KS,618.78,927.28,325,,,,,,,,,,,
350,FOD,Fort Dodge Regional,Fort Dodge,IA,409.35,613.44,311,,,,,,,,,,,
351,TBN,Waynesville-St. Robert Regional Forney Field,Fort Leonard Wood,MO,420.72,630.48,309,,,,,,,,,,,
352,LWB,Greenbrier Valley,Lewisburg,WV,441.44,661.52,254,,,,,,,,,,,
353,DVL,Devils Lake Regional,Devils Lake,ND,449.29,673.29,247,,,,,,,,,,,
354,YAK,Yakutat Airport,Yakutat,AK,316.05,473.62,231,,,,,,,,,,,
355,IPT,Williamsport Regional,Williamsport,PA,425.37,637.44,227,,,,,,,,,,,
356,CYS,Cheyenne Regional/Jerry Olson Field,Cheyenne,WY,566.24,848.54,211,,,,,,,,,,,
357,DUT,Unalaska Airport,Unalaska,AK,782.34,1172.38,186,,,,,,,,,,,
358,UIN,Quincy Regional-Baldwin Field,Quincy,IL,416.50,624.15,166,,,,,,,,,,,
359,MWA,Veterans Airport of Southern Illinois,Marion/Herrin,IL,429.61,643.79,163,,,,,,,,,,,
360,BKW,Raleigh County Memorial,Beckley,WV,446.38,668.92,146,,,,,,,,,,,
361,GST,Gustavus Airport,Gustavus,AK,174.93,262.15,142,,,,,,,,,,,
361,PPG,Pago Pago International,Pago Pago,TT,999.27,1497.46,142,,,,,,,,,,,
363,FNL,Northern Colorado Regional,Fort Collins/Loveland,CO,199.55,299.03,128,,,,,,,,,,,
364,PKB,Mid-Ohio Valley Regional,Parkersburg,WV,421.29,631.32,127,,,,,,,,,,,
365,CVN,Clovis Regional,Clovis,NM,387.13,580.13,124,,,,,,,,,,,
366,IPL,Imperial County,El Centro,CA,484.84,726.56,121,,,,,,,,,,,
367,BHB,Hancock County-Bar Harbor,Bar Harbor,ME,420.84,630.66,107,,,,,,,,,,,
368,PVC,Provincetown Municipal,Provincetown,MA,436.91,654.74,103,,,,,,,,,,,
368,TUP,Tupelo Regional,Tupelo,MS,419.21,628.21,103,,,,,,,,,,,
370,LEB,Lebanon Municipal,Lebanon-Hanover,NH,446.47,669.06,100,,,,,,,,,,,
371,AUG,Augusta State,Augusta/Waterville,ME,371.61,556.88,93,,,,,,,,,,,
372,ENA,Kenai Municipal,Kenai,AK,566.28,848.60,91,,,,,,,,,,,
372,MGW,Morgantown Municipal,Morgantown,WV,480.67,720.31,91,,,,,,,,,,,
374,IWD,Gogebic-Iron County,Ironwood,MI,323.91,485.39,89,,,,,,,,,,,
375,RKD,Knox County Regional,Rockland,ME,396.46,594.12,88,,,,,,,,,,,
376,RUT,Rutland - Southern Vermont Regional,Rutland,VT,422.71,633.46,85,,,,,,,,,,,
377,TEX,Telluride Regional,Telluride,CO,551.00,825.70,81,,,,,,,,,,,
378,MBL,Manistee County-Blacker,Manistee/Ludington,MI,322.78,483.70,77,,,,,,,,,,,
379,ADK,Adak,Adak Island,AK,965.98,1447.58,76,,,,,,,,,,,
380,IRK,Kirksville Regional,Kirksville,MO,382.53,573.25,73,,,,,,,,,,,
381,HOM,Homer Airport,Homer,AK,616.56,923.95,71,,,,,,,,,,,
382,CEZ,Cortez Municipal,Cortez,CO,597.67,895.65,67,,,,,,,,,,,
383,PGA,Page Municipal,Page,AZ,473.19,709.09,65,,,,,,,,,,,
384,DUJ,DuBois Regional,DuBois,PA,365.51,547.73,64,,,,,,,,,,,
385,SLK,Adirondack Regional,Saranac Lake/Lake Placid,NY,536.48,803.95,58,,,,,,,,,,,
386,MSS,Massena International-Richards Field,Massena,NY,405.06,607.01,54,,,,,,,,,,,
387,BFD,Bradford Regional,Bradford,PA,392.33,587.92,51,,,,,,,,,,,
388,CDB,Cold Bay Airport,Cold Bay,AK,747.24,1119.77,50,,,,,,,,,,,
388,SOW,Show Low Regional,Show Low,AZ,481.80,722.00,50,,,,,,,,,,,
390,MCK,McCook Ben Nelson Regional,McCook,NE,598.93,897.53,49,,,,,,,,,,,
391,VQS,Antonio Rivera Rodriguez,Vieques,PR,433.00,648.87,47,,,,,,,,,,,
391,GLH,Greenville Mid Delta,Greenville,MS,418.87,627.70,47,,,,,,,,,,,
391,SDY,Sidney Richland Regional,Sidney,MT,535.19,802.01,47,,,,,,,,,,,
394,AIA,Alliance Municipal,Alliance,NE,575.60,862.56,43,,,,,,,,,,,
395,TVF,Thief River Falls Regional,Thief River Falls,MN,425.72,637.97,41,,,,,,,,,,,
396,MSL,Northwest Alabama Regional,Muscle Shoals,AL,351.48,526.71,40,,,,,,,,,,,
397,CNM,Cavern City Air Terminal,Carlsbad,NM,544.40,815.81,36,,,,,,,,,,,
398,MAZ,Eugenio Maria de Hostos,Mayaguez,PR,362.31,542.94,35,,,,,,,,,,,
399,AOO,Altoona-Blair County,Altoona,PA,374.92,561.84,31,,,,,,,,,,,
399,HRO,Boone County,Harrison,AR,342.00,512.51,31,,,,,,,,,,,
401,CDR,Chadron Municipal,Chadron,NE,615.10,921.76,27,,,,,,,,,,,
402,PDT,Eastern Oregon Regional at Pendleton,Pendleton,OR,352.37,528.05,26,,,,,,,,,,,
403,MKK,Molokai,Hoolehua,HI,496.52,744.06,24,,,,,,,,,,,
404,HOT,Memorial Field,Hot Springs,AR,523.00,783.74,20,,,,,,,,,,,
405,LNS,Lancaster Airport,Lancaster,PA,399.61,598.83,19,,,,,,,,,,,
406,VDZ,Valdez Pioneer Field,Valdez,AK,601.32,901.11,17,,,,,,,,,,,
407,ELD,South Arkansas Regional at Goodwin Field,El Dorado,AR,428.00,641.38,16,,,,,,,,,,,
407,HVR,Havre City-County,Havre,MT,607.29,910.05,16,,,,,,,,,,,
409,GGW,Wokal Field Glasgow Valley County,Glasgow,MT,642.67,963.07,13,,,,,,,,,,,
409,LNY,Lanai Airport,Lanai,HI,376.05,563.53,13,,,,,,,,,,,
411,MKL,McKellar-Sipes Regional,Jackson,TN,369.63,553.91,11,,,,,,,,,,,
412,GDV,Dawson Community,Glendive,MT,568.17,851.43,10,,,,,,,,,,,
413,JHM,Kapalua Airport,Kapalua,HI,434.52,651.15,6,,,,,,,,,,,
413,MCN,Middle Georgia Regional,Macon,GA,491.32,736.26,6,,,,,,,,,,,
415,SDP,Sand Point,Sandpoint,AK,842.66,1262.77,4,,,,,,,,,,,
416,SNP,St. Paul Island,St. Paul,AK,829.69,1243.33,3,,,,,,,,,,,
417,CEC,Jack McNamara Field,Crescent City,CA,414.35,620.93,1,,,,,,,,,,,
417,OLF,L. M. Clayton,Wolf Point,MT,602.79,903.31,1,,,,,,,,,,,
419,AHN,Athens/Ben Epps,Athens,GA,365.73,548.06, -   ,,,,,,,,,,,
419,AIN,Wainwright Airport,Wainwright,AK,1389.00,2081.49, -   ,,,,,,,,,,,
419,ANI,Aniak Airport,Aniak,AK,597.17,894.89, -   ,,,,,,,,,,,
419,APF,Naples Municipal,Naples,FL,425.96,638.33, -   ,,,,,,,,,,,
419,ATK,Atqasuk Edward Burnell Sr. Memorial,Atqasuk,AK,574.50,860.92, -   ,,,,,,,,,,,
419,AUK,Alakanuk Airport,Alakanuk,AK,937.00,1404.14, -   ,,,,,,,,,,,
419,BED,Laurence G Hanscom Field,Bedford,MA,136.41,204.41, -   ,,,,,,,,,,,
419,BKX,Brookings Regional,Brookings,SD,320.00,479.54, -   ,,,,,,,,,,,
419,BLF,Mercer County,Princeton/Bluefield,WV,346.93,519.89, -   ,,,,,,,,,,,
419,BRL,Southeast Iowa Regional,Burlington,IA,384.59,576.33, -   ,,,,,,,,,,,
419,CGA,Craig Seaplane Base,Craig,AK,304.67,456.56, -   ,,,,,,,,,,,
419,CIC,Chico Municipal,Chico,CA,463.14,694.04, -   ,,,,,,,,,,,
419,CLD,McClellan-Palomar,Carlsbad,CA,416.16,623.64, -   ,,,,,,,,,,,
419,CLM,William R. Fairchild International,Port Angeles,WA,72.00,107.90, -   ,,,,,,,,,,,
419,CYF,Chefornak Airport,Chefornak,AK,539.00,807.72, -   ,,,,,,,,,,,
419,EEK,Eek Airport,Eek,AK,482.00,722.30, -   ,,,,,,,,,,,
419,EWB,New Bedford Regional,New Bedford/Fall River,MA,382.00,572.45, -   ,,,,,,,,,,,
419,FHU,Sierra Vista Municipal-Libby AAF,Fort Huachuca,AZ,433.83,650.12, -   ,,,,,,,,,,,
419,FKL,Venango Regional,Franklin/Oil City,PA,326.56,489.36, -   ,,,,,,,,,,,
419,FMN,Four Corners Regional,Farmington,NM,487.07,729.90, -   ,,,,,,,,,,,
419,FOE,Topeka Regional,Topeka,KS,100.39,150.44, -   ,,,,,,,,,,,
419,GBD,Great Bend Municipal,Great Bend,KS,330.80,495.72, -   ,,,,,,,,,,,
419,GLV,Golovin Airport,Golovin,AK,303.00,454.06, -   ,,,,,,,,,,,
419,GNU,Goodnews,Goodnews Bay,AK,554.38,830.76, -   ,,,,,,,,,,,
419,GYY,Gary/Chicago International,Gary,IN,124.86,187.11, -   ,,,,,,,,,,,
419,HII,Lake Havasu City Airport,Lake Havasu City,AZ,401.26,601.31, -   ,,,,,,,,,,,
419,HKY,Hickory Regional,Hickory,NC,366.42,549.09, -   ,,,,,,,,,,,
419,HNS,Haines Airport,Haines,AK,593.00,888.64, -   ,,,,,,,,,,,
419,HON,Huron Regional,Huron,SD,413.53,619.70, -   ,,,,,,,,,,,
419,HPB,Hooper Bay Airport,Hooper Bay,AK,609.34,913.13, -   ,,,,,,,,,,,
419,IFP,Laughlin/Bullhead International,Bullhead City,AZ,164.88,247.09, -   ,,,,,,,,,,,
419,IGM,Kingman Airport,Kingman,AZ,349.28,523.41, -   ,,,,,,,,,,,
419,ILI,Iliamna Airport,Iliamna,AK,312.50,468.30, -   ,,,,,,,,,,,
419,ISN,Sloulin Field International,Williston,ND,636.56,953.92, -   ,,,,,,,,,,,
419,ISO,Kinston Regional Jetport at Stallings Field,Kinston,NC,322.34,483.04, -   ,,,,,,,,,,,
419,IYK,Inyokern Airport,Inyokern,CA,597.63,895.58, -   ,,,,,,,,,,,
419,JHW,Chautauqua County/Jamestown,Jamestown,NY,370.98,555.94, -   ,,,,,,,,,,,
419,KKH,Kongiganak Airport,Kongiganak,AK,588.29,881.58, -   ,,,,,,,,,,,
419,KPN,Kipnuk Airport,Kipnuk,AK,515.50,772.50, -   ,,,,,,,,,,,
419,KWK,Kwigillingok Airport,Kwigillingok,AK,616.00,923.11, -   ,,,,,,,,,,,
419,KWN,Quinhagak Airport,Quinhagak,AK,414.50,621.15, -   ,,,,,,,,,,,
419,LMT,Crater Lake Klamath Regional,Klamath Falls,OR,398.81,597.63, -   ,,,,,,,,,,,
419,LWT,Lewistown Municipal,Lewistown,MT,430.33,644.88, -   ,,,,,,,,,,,
419,MCG,McGrath Airport,McGrath,AK,680.46,1019.71, -   ,,,,,,,,,,,
419,MLS,Frank Wiley Field,Miles City,MT,609.80,913.82, -   ,,,,,,,,,,,
419,MOD,Modesto City-County-Harry Sham Field,Modesto,CA,450.60,675.25, -   ,,,,,,,,,,,
419,MTH,The Florida Keys Marathon International,Marathon,FL,383.00,573.95, -   ,,,,,,,,,,,
419,MWH,Grant County International,Moses Lake,WA,452.50,678.10, -   ,,,,,,,,,,,
419,MYU,Mekoryuk Airport,Mekoryuk,AK,569.67,853.68, -   ,,,,,,,,,,,
419,NUL,Nulato Airport,Nulato,AK,419.00,627.89, -   ,,,,,,,,,,,
419,OOK,Toksook Bay,Toksook,AK,485.64,727.75, -   ,,,,,,,,,,,
419,OXR,Oxnard,Oxnard/Ventura,CA,519.76,778.88, -   ,,,,,,,,,,,
419,PCA,Portage Creek Airport,Portage Creek,AK,174.00,260.75, -   ,,,,,,,,,,,
419,PFN,Bay County,Panama City,FL,450.44,675.00, -   ,,,,,,,,,,,
419,PHO,Point Hope Airport,Point Hope,AK,454.00,680.34, -   ,,,,,,,,,,,
419,PIZ,Point Lay LRRS,Point Lay,AK,454.00,680.34, -   ,,,,,,,,,,,
419,PLB,Clinton County,Plattsburgh,NY,602.24,902.48, -   ,,,,,,,,,,,
419,PNC,Ponca City Regional,Ponca City,OK,823.25,1233.68, -   ,,,,,,,,,,,
419,PRB,Paso Robles Municipal,Paso Robles,CA,75.33,112.89, -   ,,,,,,,,,,,
419,PTU,Platinum Airport,Platinum,AK,858.00,1285.76, -   ,,,,,,,,,,,
419,ROP,Benjamin Taisacan Manglona International,Rota,TT,1449.60,2172.30, -   ,,,,,,,,,,,
419,SCM,Scammon Bay Airport,Scammon Bay,AK,565.46,847.37, -   ,,,,,,,,,,,
419,SGY,Skagway Airport,Skagway,AK,2025.00,3034.57, -   ,,,,,,,,,,,
419,SVC,Grant County,Silver City/Hurley,NM,564.00,845.18, -   ,,,,,,,,,,,
419,TNK,Tununak Airport,Tununak,AK,547.25,820.08, -   ,,,,,,,,,,,
419,UNK,Unalakleet Airport,Unalakleet,AK,696.36,1043.53, -   ,,,,,,,,,,,
419,VAK,Chevak Airport,Chevak,AK,631.31,946.05, -   ,,,,,,,,,,,
419,VIS,Visalia Municipal,Visalia,CA,357.93,536.37, -   ,,,,,,,,,,,
419,WBB,Stebbins Airport,Stebbins,AK,1352.00,2026.04, -   ,,,,,,,,,,,
419,WDG,Enid Woodring Regional,Enid,OK,586.00,878.15, -   ,,,,,,,,,,,
419,WRL,Worland Municipal,Worland,WY,597.04,894.70, -   ,,,,,,,,,,,
419,WTL,Tuntutuliak Airport,Tuntutuliak,AK,483.00,723.80, -   ,,,,,,,,,,,
419,WWT,Newtok Airport,Newtok,AK,532.00,797.23, -   ,,,,,,,,,,,